,tg,lon,lat,path
0,"aasiaat,greenland_001.csv",-52.883,68.71,"./eraint/aasiaat,greenland_001.csv"
1,abashiri_japan.csv,144.28,44.017,./eraint/abashiri_japan.csv
2,aberdeen_p038_uk.csv,-2.0745,57.143,./eraint/aberdeen_p038_uk.csv
3,abidjan_vridi_230a_ivory_coast.csv,-4.0,5.2417,./eraint/abidjan_vridi_230a_ivory_coast.csv
4,aburatsu_japan.csv,131.42,31.567,./eraint/aburatsu_japan.csv
5,acajutla_c_082c_el_salvador.csv,-89.833,13.583,./eraint/acajutla_c_082c_el_salvador.csv
6,"acapulco_c,gro._316c_mexico.csv",-99.912,16.84,"./eraint/acapulco_c,gro._316c_mexico.csv"
7,"adak,alaska_040a_usa.csv",-176.63,51.863,"./eraint/adak,alaska_040a_usa.csv"
8,"aden_172a_yemen,_p.d.r.csv",44.975,12.788,"./eraint/aden_172a_yemen,_p.d.r.csv"
9,"aguadilla,pr_263a_usa.csv",-67.163,18.457,"./eraint/aguadilla,pr_263a_usa.csv"
10,ajaccio_aspretto_france.csv,8.7628,41.923,./eraint/ajaccio_aspretto_france.csv
11,akabane_japan.csv,137.18,34.6,./eraint/akabane_japan.csv
12,akyab__sittwe__907a_myanmar.csv,92.903,20.14,./eraint/akyab__sittwe__907a_myanmar.csv
13,alameda_navalairstation__usa.csv,-122.3,37.772,./eraint/alameda_navalairstation__usa.csv
14,albany_001_australia.csv,117.88,-35.024,./eraint/albany_001_australia.csv
15,alcudia_alcudia_spain.csv,3.1392,39.835,./eraint/alcudia_alcudia_spain.csv
16,algeciras_alge_spain.csv,-5.4333,36.117,./eraint/algeciras_alge_spain.csv
17,almeria_almeria_spain.csv,-2.478,36.83,./eraint/almeria_almeria_spain.csv
18,alotau_069a_papua_new_guinea.csv,150.45,-10.168,./eraint/alotau_069a_papua_new_guinea.csv
19,amami_japan.csv,129.53,28.317,./eraint/amami_japan.csv
20,ambon_b_133b_indonesia.csv,128.18,-3.6833,./eraint/ambon_b_133b_indonesia.csv
21,"ammassalik,greenland_001.csv",-37.0,65.5,"./eraint/ammassalik,greenland_001.csv"
22,ammassalik_297a_denmark.csv,-37.0,65.6,./eraint/ammassalik_297a_denmark.csv
23,anchorage_usa.csv,-149.89,61.238,./eraint/anchorage_usa.csv
24,ancona_ancona_italy.csv,13.505999999999998,43.625,./eraint/ancona_ancona_italy.csv
25,andenes_001.csv,16.15,69.317,./eraint/andenes_001.csv
26,angra_heroismo_b_215b_portugal.csv,-27.24,38.65,./eraint/angra_heroismo_b_215b_portugal.csv
27,annapolis_navalacademy__usa.csv,-76.482,38.983,./eraint/annapolis_navalacademy__usa.csv
28,antofagasta_080a_chile.csv,-70.4,-23.65,./eraint/antofagasta_080a_chile.csv
29,apalachicola_usa.csv,-84.98200000000001,29.727,./eraint/apalachicola_usa.csv
30,apia_b_401b_western_samoa.csv,-171.75,-13.817,./eraint/apia_b_401b_western_samoa.csv
31,arcachon_eyrac_.csv,-1.1636,44.665,./eraint/arcachon_eyrac_.csv
32,"arecibo,_pr_735a_usa.csv",-66.702,18.48,"./eraint/arecibo,_pr_735a_usa.csv"
33,"arena_cove,_ca_573a_usa.csv",-123.71,38.913,"./eraint/arena_cove,_ca_573a_usa.csv"
34,"argentia,nf_00835_canada.csv",-53.983,47.3,"./eraint/argentia,nf_00835_canada.csv"
35,arica_083a_chile.csv,-70.333,-18.467,./eraint/arica_083a_chile.csv
36,arrecife_arre_spain.csv,-13.53,28.972,./eraint/arrecife_arre_spain.csv
37,ascension_uk.csv,-14.417,-7.9167,./eraint/ascension_uk.csv
38,"astoria,or_572a_usa.csv",-123.77,46.208,"./eraint/astoria,or_572a_usa.csv"
39,atlantic_city_264a_usa.csv,-74.418,39.355,./eraint/atlantic_city_264a_usa.csv
40,auckland_070a_new_zealand.csv,174.77,-36.85,./eraint/auckland_070a_new_zealand.csv
41,avonmouth_p060_uk.csv,-2.715,51.511,./eraint/avonmouth_p060_uk.csv
42,awayuki_japan.csv,134.6,33.767,./eraint/awayuki_japan.csv
43,ayukawa_japan.csv,141.5,38.3,./eraint/ayukawa_japan.csv
44,bahia_los_angeles_310a_mexico.csv,-113.55,28.958,./eraint/bahia_los_angeles_310a_mexico.csv
45,bakar_bakar_I_croatia.csv,14.533,45.3,./eraint/bakar_bakar_I_croatia.csv
46,balboa_302a_panama.csv,-79.57300000000002,8.9617,./eraint/balboa_302a_panama.csv
47,baltimore_usa.csv,-76.578,39.267,./eraint/baltimore_usa.csv
48,baltra_b_003b_ecuador.csv,-90.285,-0.435,./eraint/baltra_b_003b_ecuador.csv
49,"bamfield,bc_08545_canada.csv",-125.14,48.83600000000001,"./eraint/bamfield,bc_08545_canada.csv"
50,bangor_p662_uk.csv,-5.6695,54.665,./eraint/bangor_p662_uk.csv
51,"barbers_point,hi_547a_usa.csv",-158.12,21.32,"./eraint/barbers_point,hi_547a_usa.csv"
52,barcelona_barcelona_spain.csv,2.1630000000000003,41.342,./eraint/barcelona_barcelona_spain.csv
53,"barharbor,frenchmanbay,me_usa.csv",-68.205,44.392,"./eraint/barharbor,frenchmanbay,me_usa.csv"
54,bari_bari_italy.csv,16.912,41.137,./eraint/bari_bari_italy.csv
55,barmouth_p923_uk.csv,-4.0452,52.719,./eraint/barmouth_p923_uk.csv
56,barseback_001_sweden.csv,12.903,55.756,./eraint/barseback_001_sweden.csv
57,base_prat_b_730b_chile.csv,-59.633,-62.483,./eraint/base_prat_b_730b_chile.csv
58,bayonne_boucau_.csv,-1.5148,43.527,./eraint/bayonne_boucau_.csv
59,beihai_636a_china.csv,109.08,21.483,./eraint/beihai_636a_china.csv
60,"bellabella,bc_08976_canada.csv",-128.14,52.163,"./eraint/bellabella,bc_08976_canada.csv"
61,benoa_b_163b_indonesia.csv,115.21,-8.745,./eraint/benoa_b_163b_indonesia.csv
62,"bermuda,st.georgesisland_001.csv",-64.7,32.4,"./eraint/bermuda,st.georgesisland_001.csv"
63,bilbao_bilbao_spain.csv,-3.05,43.357,./eraint/bilbao_bilbao_spain.csv
64,bintulu_387a_malaysia.csv,113.07,3.2167,./eraint/bintulu_387a_malaysia.csv
65,bitung_033a_indonesia.csv,125.19,1.44,./eraint/bitung_033a_indonesia.csv
66,bluff_072a_new_zealand.csv,168.35,-46.6,./eraint/bluff_072a_new_zealand.csv
67,bonanza_bonanza_spain.csv,-6.34,36.8,./eraint/bonanza_bonanza_spain.csv
68,booby_island_336a_australia.csv,141.92,-10.6,./eraint/booby_island_336a_australia.csv
69,"boston,ma_741a_usa.csv",-71.05199999999998,42.355,"./eraint/boston,ma_741a_usa.csv"
70,boulogne_sur_mer_.csv,1.5777,50.727,./eraint/boulogne_sur_mer_.csv
71,bournemouth_p988_uk.csv,-1.8749,50.714,./eraint/bournemouth_p988_uk.csv
72,brest_.csv,-4.5,48.383,./eraint/brest_.csv
73,bridgeport_usa.csv,-73.182,41.173,./eraint/bridgeport_usa.csv
74,bridgetown_d_249d_barbados.csv,-59.617,13.1,./eraint/bridgetown_d_249d_barbados.csv
75,brisbane_002_australia.csv,153.03,-27.468000000000004,./eraint/brisbane_002_australia.csv
76,brisbane_331a_australia.csv,153.17,-27.367,./eraint/brisbane_331a_australia.csv
77,broome_004_australia.csv,122.24,-17.955,./eraint/broome_004_australia.csv
78,buenaventura_085a_colombia.csv,-77.1,3.9,./eraint/buenaventura_085a_colombia.csv
79,bunbury_006_australia.csv,115.64,-33.327,./eraint/bunbury_006_australia.csv
80,bundaberg_003_australia.csv,152.35,-24.833,./eraint/bundaberg_003_australia.csv
81,bundaberg_332a_australia.csv,152.38,-24.767,./eraint/bundaberg_332a_australia.csv
82,burnie_005_australia.csv,145.91,-41.053,./eraint/burnie_005_australia.csv
83,burnie_344a_australia.csv,145.91,-41.5,./eraint/burnie_344a_australia.csv
84,cabo_san_lucas_034a_mexico.csv,-109.91,22.88,./eraint/cabo_san_lucas_034a_mexico.csv
85,cadiz_cadi_spain.csv,-6.2833,36.533,./eraint/cadiz_cadi_spain.csv
86,cagliari_cagliari_italy.csv,9.1143,39.21,./eraint/cagliari_cagliari_italy.csv
87,cairns_007_australia.csv,145.78,-16.925,./eraint/cairns_007_australia.csv
88,calais_.csv,1.8677,50.969,./eraint/calais_.csv
89,"caldera,chile_001.csv",-70.833,-27.067,"./eraint/caldera,chile_001.csv"
90,callao_b_093b_peru.csv,-77.15,-12.05,./eraint/callao_b_093b_peru.csv
91,cambridgeii_usa.csv,-76.068,38.573,./eraint/cambridgeii_usa.csv
92,"campbellriver,bc_08074_canada.csv",-125.25,50.042,"./eraint/campbellriver,bc_08074_canada.csv"
93,cananeia_281a_brazil.csv,-47.925,-25.017,./eraint/cananeia_281a_brazil.csv
94,"capehatteras,u.s.a._001.csv",-75.635,35.223,"./eraint/capehatteras,u.s.a._001.csv"
95,capemay_usa.csv,-74.96,38.968,./eraint/capemay_usa.csv
96,cape_ferguson_343a_australia.csv,147.06,-19.277,./eraint/cape_ferguson_343a_australia.csv
97,"cape_may,nj_746a_usa.csv",-74.96,38.968,"./eraint/cape_may,nj_746a_usa.csv"
98,cape_town_704a_south_africa.csv,18.433,-33.9,./eraint/cape_town_704a_south_africa.csv
99,carloforte_carloforte_italy.csv,8.3095,39.148,./eraint/carloforte_carloforte_italy.csv
100,carnarvon_008_australia.csv,113.66,-24.884,./eraint/carnarvon_008_australia.csv
101,cartagena_b_265b_colombia.csv,-75.533,10.383,./eraint/cartagena_b_265b_colombia.csv
102,cascais_209a_portugal.csv,-9.4167,38.692,./eraint/cascais_209a_portugal.csv
103,casey_130a_australia.csv,110.53,-66.283,./eraint/casey_130a_australia.csv
104,castletownsend_835a_ireland.csv,-9.1833,51.533,./eraint/castletownsend_835a_ireland.csv
105,catalina_b_313b_usa.csv,-118.48,33.45,./eraint/catalina_b_313b_usa.csv
106,catania_catania_italy.csv,15.094,37.49800000000001,./eraint/catania_catania_italy.csv
107,cayenne_227a_france.csv,-52.283,4.85,./eraint/cayenne_227a_france.csv
108,cebu_379a_philippines.csv,123.92,10.3,./eraint/cebu_379a_philippines.csv
109,cedarkeyii_usa.csv,-83.03200000000002,29.135,./eraint/cedarkeyii_usa.csv
110,cedros_island_305a_mexico.csv,-115.18,28.1,./eraint/cedros_island_305a_mexico.csv
111,celestun_861a_mexico.csv,-90.403,20.858,./eraint/celestun_861a_mexico.csv
112,cendering_320a_malaysia.csv,103.18,5.2667,./eraint/cendering_320a_malaysia.csv
113,centuri_france.csv,9.3498,42.966,./eraint/centuri_france.csv
114,ceuta_ceta_spain.csv,-5.3167,35.9,./eraint/ceuta_ceta_spain.csv
115,chabahar_915a_iran.csv,60.603,25.297,./eraint/chabahar_915a_iran.csv
116,charchanga_138a_bangladesh.csv,91.05,22.217,./eraint/charchanga_138a_bangladesh.csv
117,"charleston,or_575a_usa.csv",-124.32,43.345,"./eraint/charleston,or_575a_usa.csv"
118,"charleston,sc_261a_usa.csv",-79.925,32.782,"./eraint/charleston,sc_261a_usa.csv"
119,"charlottetown,pei_01700_canada.csv",-63.117,46.233,"./eraint/charlottetown,pei_01700_canada.csv"
120,charlotte_amalie_255a_usa.csv,-64.92,18.335,./eraint/charlotte_amalie_255a_usa.csv
121,chatham_079a_new_zealand.csv,-176.56,-43.947,./eraint/chatham_079a_new_zealand.csv
122,cherbourg_.csv,-1.6355,49.651,./eraint/cherbourg_.csv
123,chesapeake_bbt_749a_usa.csv,-76.113,36.967,./eraint/chesapeake_bbt_749a_usa.csv
124,chichijima_japan.csv,142.18,27.1,./eraint/chichijima_japan.csv
125,chittagong_124a_bangladesh.csv,91.825,22.247,./eraint/chittagong_124a_bangladesh.csv
126,choshigyoko_japan.csv,140.87,35.75,./eraint/choshigyoko_japan.csv
127,"christiansted,vi_258a_usa.csv",-64.705,17.75,"./eraint/christiansted,vi_258a_usa.csv"
128,christmas_170a_australia.csv,105.67,-10.417,./eraint/christmas_170a_australia.csv
129,"christmas_b,lineis.kiribati_001.csv",-157.48,1.985,"./eraint/christmas_b,lineis.kiribati_001.csv"
130,churchill_274a_canada.csv,-94.183,58.767,./eraint/churchill_274a_canada.csv
131,chuuk_054a_fd._st._micronesia.csv,151.85,7.45,./eraint/chuuk_054a_fd._st._micronesia.csv
132,cilicap_b_162b_indonesia.csv,109.02,-7.7517,./eraint/cilicap_b_162b_indonesia.csv
133,ciudad_del_carmen_779a_mexico.csv,-91.833,18.533,./eraint/ciudad_del_carmen_779a_mexico.csv
134,civitavecchia_civitavecchia_italy.csv,11.79,42.094,./eraint/civitavecchia_civitavecchia_italy.csv
135,"clearwater_bch,fl_773a_usa.csv",-82.83200000000002,27.977,"./eraint/clearwater_bch,fl_773a_usa.csv"
136,"cocoa_beach,_fl_754a_usa.csv",-80.6,28.368,"./eraint/cocoa_beach,_fl_754a_usa.csv"
137,cocos_171a_australia.csv,96.883,-12.117,./eraint/cocos_171a_australia.csv
138,colombo_c_115c_sri_lanka.csv,79.85,6.9333,./eraint/colombo_c_115c_sri_lanka.csv
139,concarneau_.csv,-3.9072,47.874,./eraint/concarneau_.csv
140,cordemais_.csv,-1.8898,47.277,./eraint/cordemais_.csv
141,"cordova_b,alaska_583b_usa.csv",-145.75,60.558,"./eraint/cordova_b,alaska_583b_usa.csv"
142,"corpus_cristi,tx_770a_usa.csv",-97.217,27.58,"./eraint/corpus_cristi,tx_770a_usa.csv"
143,coruna_coru_spain.csv,-8.4,43.367,./eraint/coruna_coru_spain.csv
144,cox_s_bazaar_136a_bangladesh.csv,91.833,21.45,./eraint/cox_s_bazaar_136a_bangladesh.csv
145,"crescent_city,ca_556a_usa.csv",-124.18,41.745,"./eraint/crescent_city,ca_556a_usa.csv"
146,cristobal_266a_panama.csv,-79.915,9.355,./eraint/cristobal_266a_panama.csv
147,cromer_p183_uk.csv,1.3016,52.934,./eraint/cromer_p183_uk.csv
148,crotone_crotone_italy.csv,17.137,39.082,./eraint/crotone_crotone_italy.csv
149,crozet_b_178b_france.csv,51.87,-46.425,./eraint/crozet_b_178b_france.csv
150,"culebra,_pr_219a_usa.csv",-65.30199999999999,18.3,"./eraint/culebra,_pr_219a_usa.csv"
151,currimao_654a_philippines.csv,120.49,17.988,./eraint/currimao_654a_philippines.csv
152,cuxhaven_germany.csv,8.7167,53.867,./eraint/cuxhaven_germany.csv
153,dakar_e_223e_senegal.csv,-17.43,14.667,./eraint/dakar_e_223e_senegal.csv
154,dalian_a_630a_china.csv,121.66,38.925,./eraint/dalian_a_630a_china.csv
155,dallmann_c_682c_unconfirmed.csv,-58.683,-62.233,./eraint/dallmann_c_682c_unconfirmed.csv
156,darwin_009_australia.csv,130.85,-12.467,./eraint/darwin_009_australia.csv
157,dar_es_salaam_102a_tanzania.csv,39.288,-6.82,./eraint/dar_es_salaam_102a_tanzania.csv
158,"dauphin_island,_al_763a_usa.csv",-88.075,30.25,"./eraint/dauphin_island,_al_763a_usa.csv"
159,davao_b_372b_philippines.csv,125.63,7.0833,./eraint/davao_b_372b_philippines.csv
160,"davis,australia_001.csv",78.5,-68.0,"./eraint/davis,australia_001.csv"
161,davis_173a_australia.csv,77.967,-68.45,./eraint/davis_173a_australia.csv
162,degerby_001_finland.csv,20.385,60.032,./eraint/degerby_001_finland.csv
163,delfzijl_del_nl.csv,6.9331,53.326,./eraint/delfzijl_del_nl.csv
164,denhelder_hel_nl.csv,4.7464,52.965,./eraint/denhelder_hel_nl.csv
165,devonport_p002_uk.csv,-4.1852,50.368,./eraint/devonport_p002_uk.csv
166,"diegogarcia_d,uk_001.csv",72.433,-7.2333,"./eraint/diegogarcia_d,uk_001.csv"
167,"diegoramirez,chile_001.csv",-68.667,-56.558,"./eraint/diegoramirez,chile_001.csv"
168,diego_garcia_d_104d_united_kingdom.csv,72.433,-7.2333,./eraint/diego_garcia_d_104d_united_kingdom.csv
169,diego_ramirez_599a_chile.csv,-68.715,-56.508,./eraint/diego_ramirez_599a_chile.csv
170,dieppe_.csv,1.0845,49.929,./eraint/dieppe_.csv
171,djibouti_119a_djibouti.csv,43.14,11.608,./eraint/djibouti_119a_djibouti.csv
172,donges_.csv,-2.0883,47.306,./eraint/donges_.csv
173,dongfang_637a_china.csv,108.62,19.1,./eraint/dongfang_637a_china.csv
174,dover_p012_uk.csv,1.3181,51.117,./eraint/dover_p012_uk.csv
175,"duck_pier,nc_260a_usa.csv",-75.74,36.183,"./eraint/duck_pier,nc_260a_usa.csv"
176,dumont_d_urville_189a_france.csv,140.01,-66.66199999999999,./eraint/dumont_d_urville_189a_france.csv
177,dunkerque_.csv,2.3667,51.048,./eraint/dunkerque_.csv
178,durban_181a_south_africa.csv,31.05,-29.867,./eraint/durban_181a_south_africa.csv
179,"dutch_harbor_b,ak_041b_usa.csv",-166.54,53.88,"./eraint/dutch_harbor_b,ak_041b_usa.csv"
180,dzaoudi_155a_mayotte.csv,45.257,-12.78,./eraint/dzaoudi_155a_mayotte.csv
181,easter_c_022c_chile.csv,-109.45,-27.15,./eraint/easter_c_022c_chile.csv
182,"eastport,me_740a_usa.csv",-66.985,44.903,"./eraint/eastport,me_740a_usa.csv"
183,east_london_187a_south_africa.csv,27.917,-33.017,./eraint/east_london_187a_south_africa.csv
184,el_hierro_elhierro_spain.csv,-17.9,27.78,./eraint/el_hierro_elhierro_spain.csv
185,ensenada_317a_mexico.csv,-116.63,31.85,./eraint/ensenada_317a_mexico.csv
186,esbjerg_130121_denmark.csv,8.4333,55.467,./eraint/esbjerg_130121_denmark.csv
187,esmeraldas_098a_ecuador.csv,-79.64699999999998,0.9917,./eraint/esmeraldas_098a_ecuador.csv
188,esperance_010_australia.csv,121.89,-33.861,./eraint/esperance_010_australia.csv
189,"esperanza,argentina_001.csv",-56.995,-63.395,"./eraint/esperanza,argentina_001.csv"
190,"esperanza,_pr_733a_usa.csv",-65.47,18.093,"./eraint/esperanza,_pr_733a_usa.csv"
191,"esperence,australia_001.csv",121.9,-33.867,"./eraint/esperence,australia_001.csv"
192,exuma_cays_256a_bahamas.csv,-76.105,23.773000000000003,./eraint/exuma_cays_256a_bahamas.csv
193,"fajardo_b,pr_783b_usa.csv",-65.633,18.333,"./eraint/fajardo_b,pr_783b_usa.csv"
194,fanning_c_012c_rep._of_kiribati.csv,-159.39,3.9067,./eraint/fanning_c_012c_rep._of_kiribati.csv
195,faraday_700a_united_kingdom.csv,-64.267,-65.25,./eraint/faraday_700a_united_kingdom.csv
196,felixstowe_p204_uk.csv,1.3484,51.957,./eraint/felixstowe_p204_uk.csv
197,fer._de_noronha_c_203c_brazil.csv,-32.403,-3.8283,./eraint/fer._de_noronha_c_203c_brazil.csv
198,fernandina_beach_240a_usa.csv,-81.467,30.672,./eraint/fernandina_beach_240a_usa.csv
199,ferrol_ferrol_spain.csv,-8.326,43.463,./eraint/ferrol_ferrol_spain.csv
200,fishguard_p055_uk.csv,-4.9833,52.014,./eraint/fishguard_p055_uk.csv
201,"flores,santa_cruz_210a_portugal.csv",-31.168000000000006,39.378,"./eraint/flores,santa_cruz_210a_portugal.csv"
202,formentera_formentera_spain.csv,1.4189,38.735,./eraint/formentera_formentera_spain.csv
203,forsmark_003_sweden.csv,18.211,60.409,./eraint/forsmark_003_sweden.csv
204,fortaleza_c_283c_brazil.csv,-38.467,-3.7167,./eraint/fortaleza_c_283c_brazil.csv
205,fortdenison_011_australia.csv,151.23,-33.85,./eraint/fortdenison_011_australia.csv
206,fortmyers_usa.csv,-81.87100000000002,26.648000000000003,./eraint/fortmyers_usa.csv
207,fortpulaski_usa.csv,-80.902,32.033,./eraint/fortpulaski_usa.csv
208,fort_denison_333a_australia.csv,151.23,-33.85,./eraint/fort_denison_333a_australia.csv
209,fort_de_france_271a_france.csv,-61.05,14.583,./eraint/fort_de_france_271a_france.csv
210,"fort_pulaski,ga_752a_usa.csv",-80.902,32.033,"./eraint/fort_pulaski,ga_752a_usa.csv"
211,fos_sur_mer_france.csv,4.8929,43.405,./eraint/fos_sur_mer_france.csv
212,freeport_usa.csv,-95.308,28.948,./eraint/freeport_usa.csv
213,fremantle_012_australia.csv,115.75,-32.053000000000004,./eraint/fremantle_012_australia.csv
214,french_frigate_b_014b_usa.csv,-166.29,23.868,./eraint/french_frigate_b_014b_usa.csv
215,fridayharbor_ocean.labs.__usa.csv,-123.01,48.547,./eraint/fridayharbor_ocean.labs.__usa.csv
216,fuerteventura_fuerteventura_spain.csv,-13.85,28.5,./eraint/fuerteventura_fuerteventura_spain.csv
217,fukaura_japan.csv,139.93,40.65,./eraint/fukaura_japan.csv
218,fukue_japan.csv,128.85,32.7,./eraint/fukue_japan.csv
219,"fulfordharbour,bc_07330_canada.csv",-123.45,48.769,"./eraint/fulfordharbour,bc_07330_canada.csv"
220,"funafuti,tuvalu_001.csv",179.19,-8.525,"./eraint/funafuti,tuvalu_001.csv"
221,funchal_b_218b_portugal.csv,-16.907,32.64,./eraint/funchal_b_218b_portugal.csv
222,furuogrund_004_sweden.csv,21.231,64.916,./eraint/furuogrund_004_sweden.csv
223,"galveston,pier_21_775a_usa.csv",-94.79,29.287,"./eraint/galveston,pier_21_775a_usa.csv"
224,gan_109a_rep._of_maldives.csv,73.152,-0.6867,./eraint/gan_109a_rep._of_maldives.csv
225,gandia_gandia_spain.csv,-0.152,38.995,./eraint/gandia_gandia_spain.csv
226,gedser_837a_denmark.csv,11.933,54.567,./eraint/gedser_837a_denmark.csv
227,geelong_013_australia.csv,144.36,-38.147,./eraint/geelong_013_australia.csv
228,genova_genova_italy.csv,8.9253,44.41,./eraint/genova_genova_italy.csv
229,georgetown_015_australia.csv,146.85,-41.133,./eraint/georgetown_015_australia.csv
230,geraldton_014_australia.csv,114.61,-28.773000000000003,./eraint/geraldton_014_australia.csv
231,geting_326a_malaysia.csv,102.11,6.2267,./eraint/geting_326a_malaysia.csv
232,gibara_244a_cuba.csv,-76.117,21.117,./eraint/gibara_244a_cuba.csv
233,gibraltar_289a_united_kingdom.csv,-5.35,36.117,./eraint/gibraltar_289a_united_kingdom.csv
234,gijon_gijon_spain.csv,-5.698,43.558,./eraint/gijon_gijon_spain.csv
235,gisborne_b_078b_new_zealand.csv,178.03,-38.683,./eraint/gisborne_b_078b_new_zealand.csv
236,gladstone_p234_uk.csv,-3.018,53.45,./eraint/gladstone_p234_uk.csv
237,gloucesterpoint_usa.csv,-76.5,37.247,./eraint/gloucesterpoint_usa.csv
238,gobo_japan.csv,135.17,33.85,./eraint/gobo_japan.csv
239,gomera_gomera_spain.csv,-17.0,28.0,./eraint/gomera_gomera_spain.csv
240,goteborgtorshamnen_005_sweden.csv,11.8,57.683,./eraint/goteborgtorshamnen_005_sweden.csv
241,grandisle_usa.csv,-89.95700000000002,29.263,./eraint/grandisle_usa.csv
242,groote_eylandt_145a_australia.csv,136.42,-13.86,./eraint/groote_eylandt_145a_australia.csv
243,guadalupe_036a_mexico.csv,-118.3,28.883000000000006,./eraint/guadalupe_036a_mexico.csv
244,guam_053a_usa_trust.csv,144.65,13.433,./eraint/guam_053a_usa_trust.csv
245,guantanamo_bay_b_251b_cuba.csv,-75.14699999999998,19.907,./eraint/guantanamo_bay_b_251b_cuba.csv
246,guaymas_397a_mexico.csv,-110.9,27.933000000000003,./eraint/guaymas_397a_mexico.csv
247,hachinohe_japan.csv,141.53,40.533,./eraint/hachinohe_japan.csv
248,haikou_638a_china.csv,110.28,20.017,./eraint/haikou_638a_china.csv
249,hakodate_japan.csv,140.73,41.783,./eraint/hakodate_japan.csv
250,"halifax,ns_00490_canada.csv",-63.583,44.667,"./eraint/halifax,ns_00490_canada.csv"
251,hamada_japan.csv,132.07,34.9,./eraint/hamada_japan.csv
252,hamina_002_finland.csv,27.179,60.563,./eraint/hamina_002_finland.csv
253,hanasaki_japan.csv,145.57,43.283,./eraint/hanasaki_japan.csv
254,hanimaadhoo_b_117b_rep._of_maldives.csv,73.167,6.7667,./eraint/hanimaadhoo_b_117b_rep._of_maldives.csv
255,hanko_003_finland.csv,22.977,59.823,./eraint/hanko_003_finland.csv
256,"harvest_oil_p.,ca_594a_usa.csv",-120.67,34.468,"./eraint/harvest_oil_p.,ca_594a_usa.csv"
257,harwich_p022_uk.csv,1.2845,51.947,./eraint/harwich_p022_uk.csv
258,heimsjoe_001_norway.csv,9.1014,63.425,./eraint/heimsjoe_001_norway.csv
259,helsinki_004_finland.csv,24.956,60.154,./eraint/helsinki_004_finland.csv
260,heysham_p050_uk.csv,-2.9204,54.032,./eraint/heysham_p050_uk.csv
261,hillarys_132a_australia.csv,115.74,-31.825,./eraint/hillarys_132a_australia.csv
262,"hilo,_hawaii_060a_usa.csv",-155.07,19.733,"./eraint/hilo,_hawaii_060a_usa.csv"
263,hinkleypoint_p003_uk.csv,-3.1343,51.215,./eraint/hinkleypoint_p003_uk.csv
264,hiron_point_134a_bangladesh.csv,89.46700000000001,21.783,./eraint/hiron_point_134a_bangladesh.csv
265,hobart_016_australia.csv,147.33,-42.883,./eraint/hobart_016_australia.csv
266,hoekvanholla_hvh_nl.csv,4.12,51.977,./eraint/hoekvanholla_hvh_nl.csv
267,hofu_japan.csv,131.58,34.033,./eraint/hofu_japan.csv
268,holyhead_p054_uk.csv,-4.6312,53.308,./eraint/holyhead_p054_uk.csv
269,hong_kong_b_329b_china.csv,114.2,22.3,./eraint/hong_kong_b_329b_china.csv
270,"honiara,solomonislands_001.csv",159.96,-9.425,"./eraint/honiara,solomonislands_001.csv"
271,honningsvaag_002_norway.csv,25.973000000000006,70.98,./eraint/honningsvaag_002_norway.csv
272,"honolulu_b,hawaii_057b_usa.csv",-157.86,21.295,"./eraint/honolulu_b,hawaii_057b_usa.csv"
273,hornbaek_838a_denmark.csv,12.467,56.1,./eraint/hornbaek_838a_denmark.csv
274,"horta,azores_212a_portugal.csv",-28.622,38.533,"./eraint/horta,azores_212a_portugal.csv"
275,huelva_huelva_spain.csv,-6.834,37.132,./eraint/huelva_huelva_spain.csv
276,"humboldt_bay,_ca_576a_usa.csv",-124.22,40.767,"./eraint/humboldt_bay,_ca_576a_usa.csv"
277,ibiza_ibiza_spain.csv,1.4497,38.911,./eraint/ibiza_ibiza_spain.csv
278,ile_royale_850a_france.csv,-52.585,5.285,./eraint/ile_royale_850a_france.csv
279,ilfracombe_p061_uk.csv,-4.1109,51.21100000000001,./eraint/ilfracombe_p061_uk.csv
280,"ilha_fiscal,rj_280a_brazil.csv",-43.165,-22.897,"./eraint/ilha_fiscal,rj_280a_brazil.csv"
281,"ilulissat,greenland_001.csv",-51.1,69.217,"./eraint/ilulissat,greenland_001.csv"
282,imbituba_718a_brazil.csv,-48.4,-28.133000000000006,./eraint/imbituba_718a_brazil.csv
283,immingham_p026_uk.csv,-0.18603,53.631,./eraint/immingham_p026_uk.csv
284,imperia_imperia_italy.csv,8.0188,43.878,./eraint/imperia_imperia_italy.csv
285,irouzaki_japan.csv,138.85,34.617,./eraint/irouzaki_japan.csv
286,"isabel_segunda,_pr_732a_usa.csv",-65.443,18.152,"./eraint/isabel_segunda,_pr_732a_usa.csv"
287,ishigaki_japan.csv,124.15,24.333,./eraint/ishigaki_japan.csv
288,"isladapascua_e,chile_001.csv",-109.45,-27.15,"./eraint/isladapascua_e,chile_001.csv"
289,"i_royal,anselegoff_851a_france.csv",-52.587,5.2883,"./eraint/i_royal,anselegoff_851a_france.csv"
290,jackson_403a_new_zealand.csv,168.62,-43.983,./eraint/jackson_403a_new_zealand.csv
291,jakarta_161a_indonesia.csv,106.85,-6.1167,./eraint/jakarta_161a_indonesia.csv
292,johnston_052a_usa_trust.csv,-169.53,16.738,./eraint/johnston_052a_usa_trust.csv
293,johor_baharu_321a_malaysia.csv,103.79,1.4617,./eraint/johor_baharu_321a_malaysia.csv
294,jolo_373a_philippines.csv,121.0,6.0667,./eraint/jolo_373a_philippines.csv
295,juan_fernandez_b_021b_chile.csv,-78.833,-33.622,./eraint/juan_fernandez_b_021b_chile.csv
296,juneau_usa.csv,-134.41,58.298,./eraint/juneau_usa.csv
297,kagoshima_japan.csv,130.57,31.583,./eraint/kagoshima_japan.csv
298,kahului_059a_usa.csv,-156.47,20.9,./eraint/kahului_059a_usa.csv
299,kalix_006_sweden.csv,23.096,65.697,./eraint/kalix_006_sweden.csv
300,kanmen_a_632a_china.csv,121.28,28.088,./eraint/kanmen_a_632a_china.csv
301,"kanton_b,kiribati_001.csv",-171.72,-2.81,"./eraint/kanton_b,kiribati_001.csv"
302,kaohsiung_340a_republic_of_china.csv,120.29,22.615,./eraint/kaohsiung_340a_republic_of_china.csv
303,kapingamarangi_029a_fd._st._micronesia.csv,154.78,1.0983,./eraint/kapingamarangi_029a_fd._st._micronesia.csv
304,karachi_b_147b_pakistan.csv,66.967,24.8,./eraint/karachi_b_147b_pakistan.csv
305,kaskinen_005_finland.csv,21.215,62.344,./eraint/kaskinen_005_finland.csv
306,"kaumalapau,_hi_548a_usa.csv",-156.9,20.78,"./eraint/kaumalapau,_hi_548a_usa.csv"
307,kavieng_068a_papua_new_guinea.csv,150.79,-2.585,./eraint/kavieng_068a_papua_new_guinea.csv
308,kawaihae_552a_usa.csv,-155.83,20.033,./eraint/kawaihae_552a_usa.csv
309,kawasaki_japan.csv,139.75,35.517,./eraint/kawasaki_japan.csv
310,keelung_341a_republic_of_china.csv,121.75,25.157,./eraint/keelung_341a_republic_of_china.csv
311,kelang_140a_malaysia.csv,101.36,3.05,./eraint/kelang_140a_malaysia.csv
312,keling_141a_malaysia.csv,102.15,2.215,./eraint/keling_141a_malaysia.csv
313,kemi_006_finland.csv,24.515,65.673,./eraint/kemi_006_finland.csv
314,keppel_harbour_327a_singapore.csv,103.82,1.2633,./eraint/keppel_harbour_327a_singapore.csv
315,kerguelen_001.csv,70.167,-48.858,./eraint/kerguelen_001.csv
316,kerguelen_180a_france.csv,70.22,-49.345,./eraint/kerguelen_180a_france.csv
317,"ketchikan,ak_571a_usa.csv",-131.63,55.333,"./eraint/ketchikan,ak_571a_usa.csv"
318,"key_west,fl_242a_usa.csv",-81.808,24.553,"./eraint/key_west,fl_242a_usa.csv"
319,khal_#10_135a_bangladesh.csv,91.817,22.267,./eraint/khal_#10_135a_bangladesh.csv
320,khepupara_139a_bangladesh.csv,89.833,21.833,./eraint/khepupara_139a_bangladesh.csv
321,kingedwardpoint_uk.csv,-36.497,-54.283,./eraint/kingedwardpoint_uk.csv
322,kinlochbervi_p918_uk.csv,-5.0504,58.457,./eraint/kinlochbervi_p918_uk.csv
323,kiptopekebeach_usa.csv,-75.988,37.165,./eraint/kiptopekebeach_usa.csv
324,klagshamn_007_sweden.csv,12.894,55.522,./eraint/klagshamn_007_sweden.csv
325,knysna_186a_south_africa.csv,23.033,-32.033,./eraint/knysna_186a_south_africa.csv
326,kobe_japan.csv,135.18,34.683,./eraint/kobe_japan.csv
327,kochi_japan.csv,133.57,33.5,./eraint/kochi_japan.csv
328,"kodiak_isl.,alaska_039a_usa.csv",-152.51,57.732,"./eraint/kodiak_isl.,alaska_039a_usa.csv"
329,komatsushima_japan.csv,134.58,34.017,./eraint/komatsushima_japan.csv
330,kota_kinabalu_386a_malaysia.csv,116.07,5.9833,./eraint/kota_kinabalu_386a_malaysia.csv
331,ko_lak_328a_thailand.csv,99.817,11.795,./eraint/ko_lak_328a_thailand.csv
332,ko_taphao_noi_148a_thailand.csv,98.425,7.8317,./eraint/ko_taphao_noi_148a_thailand.csv
333,kuantan_322a_malaysia.csv,103.43,3.975,./eraint/kuantan_322a_malaysia.csv
334,kuchinotsu_japan.csv,130.2,32.6,./eraint/kuchinotsu_japan.csv
335,kukup_325a_malaysia.csv,103.44,1.325,./eraint/kukup_325a_malaysia.csv
336,kumano_japan.csv,136.17,33.933,./eraint/kumano_japan.csv
337,kungsholmsfort_008_sweden.csv,15.589,56.105,./eraint/kungsholmsfort_008_sweden.csv
338,kungsvik_009_sweden.csv,11.127,58.997,./eraint/kungsvik_009_sweden.csv
339,kushimoto_japan.csv,135.78,33.467,./eraint/kushimoto_japan.csv
340,kushiro_japan.csv,144.38,42.967,./eraint/kushiro_japan.csv
341,kwajalein_055a_rep._of_marshall_i.csv,167.73,8.7333,./eraint/kwajalein_055a_rep._of_marshall_i.csv
342,l._cornwallis_i._705a_canada.csv,-96.95,75.383,./eraint/l._cornwallis_i._705a_canada.csv
343,lae_067a_papua_new_guinea.csv,146.98,-6.7333,./eraint/lae_067a_papua_new_guinea.csv
344,"lagos,_algarve_723a_portugal.csv",-8.6683,37.098,"./eraint/lagos,_algarve_723a_portugal.csv"
345,lagos_c_233c_nigeria.csv,3.45,6.4167,./eraint/lagos_c_233c_nigeria.csv
346,lajolla_scrippspier__usa.csv,-117.26,32.867,./eraint/lajolla_scrippspier__usa.csv
347,"lameshur_bay,_vi_214a_usa.csv",-64.723,18.317,"./eraint/lameshur_bay,_vi_214a_usa.csv"
348,lampedusa_lampedusa_italy.csv,12.604,35.5,./eraint/lampedusa_lampedusa_italy.csv
349,lamu_b_149b_kenya.csv,40.903,-2.2717,./eraint/lamu_b_149b_kenya.csv
350,landsortnorra_010_sweden.csv,17.865,58.742,./eraint/landsortnorra_010_sweden.csv
351,langkawi_142a_malaysia.csv,99.765,6.4317,./eraint/langkawi_142a_malaysia.csv
352,laohutan_a_631a_china.csv,121.68,38.867,./eraint/laohutan_a_631a_china.csv
353,las_palmas_laspalmas_spain.csv,-15.412,28.141,./eraint/las_palmas_laspalmas_spain.csv
354,lautoka_402a_fiji.csv,177.43,-17.6,./eraint/lautoka_402a_fiji.csv
355,la_coruna_830a_spain.csv,-8.4,43.367,./eraint/la_coruna_830a_spain.csv
356,la_figueirette_france.csv,6.9349,43.483,./eraint/la_figueirette_france.csv
357,la_guaira_247a_venezuela.csv,-66.933,10.617,./eraint/la_guaira_247a_venezuela.csv
358,"la_jolla,ca_554a_usa.csv",-117.26,32.867,"./eraint/la_jolla,ca_554a_usa.csv"
359,la_libertad_091a_ecuador.csv,-80.917,-2.2,./eraint/la_libertad_091a_ecuador.csv
360,la_palma_lapalma_spain.csv,-17.768,28.678,./eraint/la_palma_lapalma_spain.csv
361,la_rochelle_la_palli_.csv,-1.2206,46.158,./eraint/la_rochelle_la_palli_.csv
362,la_union_b_086b_el_salvador.csv,-87.81700000000002,13.333,./eraint/la_union_b_086b_el_salvador.csv
363,legaspi_371a_philippines.csv,123.75,13.15,./eraint/legaspi_371a_philippines.csv
364,leith_p034_uk.csv,-3.1817,55.99,./eraint/leith_p034_uk.csv
365,lembar_419a_indonesia.csv,116.07,-8.7317,./eraint/lembar_419a_indonesia.csv
366,lerwick_p041_uk.csv,-1.1333,60.15,./eraint/lerwick_p041_uk.csv
367,les_sables_d_olonne_.csv,-1.7935,46.497,./eraint/les_sables_d_olonne_.csv
368,"lewes,de_747a_usa.csv",-75.12,38.782,"./eraint/lewes,de_747a_usa.csv"
369,le_conquet_.csv,-4.7807,48.359,./eraint/le_conquet_.csv
370,le_crouesty_.csv,-2.8952,47.543,./eraint/le_crouesty_.csv
371,le_havre_.csv,0.106,49.482,./eraint/le_havre_.csv
372,le_pellerin_.csv,-1.7651,47.205,./eraint/le_pellerin_.csv
373,le_robert_270a_france.csv,-60.933,14.683,./eraint/le_robert_270a_france.csv
374,lianyungang_639a_china.csv,119.42,34.75,./eraint/lianyungang_639a_china.csv
375,limetree_bay_254a_usa.csv,-64.753,17.697,./eraint/limetree_bay_254a_usa.csv
376,limon_b_268b_costa_rica.csv,-83.03299999999999,10.0,./eraint/limon_b_268b_costa_rica.csv
377,livorno_livorno_italy.csv,10.299,43.54600000000001,./eraint/livorno_livorno_italy.csv
378,llandudno_p007_uk.csv,-3.8252,53.332,./eraint/llandudno_p007_uk.csv
379,lobos_de_afuera_084a_peru.csv,-80.717,-6.9333,./eraint/lobos_de_afuera_084a_peru.csv
380,lombrum_400a_papua_new_guinea.csv,147.37,-2.0333,./eraint/lombrum_400a_papua_new_guinea.csv
381,lord_howe_b_399b_australia.csv,159.07,-31.517,./eraint/lord_howe_b_399b_australia.csv
382,loreto_319a_mexico.csv,-111.37,26.017,./eraint/loreto_319a_mexico.csv
383,"los_angeles,ca_567a_usa.csv",-118.27,33.72,"./eraint/los_angeles,ca_567a_usa.csv"
384,"lowerescuminac,nb_02000_canada.csv",-64.883,47.083,"./eraint/lowerescuminac,nb_02000_canada.csv"
385,lowestoft_p024_uk.csv,1.7508,52.473,./eraint/lowestoft_p024_uk.csv
386,lubang_655a_philippines.csv,120.21,13.82,./eraint/lubang_655a_philippines.csv
387,luderitz_702a_south_africa.csv,15.15,-26.65,./eraint/luderitz_702a_south_africa.csv
388,luis_correia_711a_brazil.csv,-41.672,-2.8667,./eraint/luis_correia_711a_brazil.csv
389,lumut_143a_malaysia.csv,100.62,4.2333,./eraint/lumut_143a_malaysia.csv
390,lusi_a_633a_china.csv,121.62,32.133,./eraint/lusi_a_633a_china.csv
391,lyttelton_667a_new_zealand.csv,172.72,-43.6,./eraint/lyttelton_667a_new_zealand.csv
392,maaloey_003_norway.csv,5.1133,61.934,./eraint/maaloey_003_norway.csv
393,macae_719a_brazil.csv,-41.467,-22.233,./eraint/macae_719a_brazil.csv
394,macau_338a_macau.csv,113.55,22.167,./eraint/macau_338a_macau.csv
395,mackay_018_australia.csv,149.19,-21.143,./eraint/mackay_018_australia.csv
396,macquarie_is._c_680c_australia.csv,158.97,-54.483,./eraint/macquarie_is._c_680c_australia.csv
397,madang_066a_papua_new_guinea.csv,145.8,-5.2,./eraint/madang_066a_papua_new_guinea.csv
398,madeira_715a_brazil.csv,-44.378,-2.565,./eraint/madeira_715a_brazil.csv
399,"madero,tampico_277a_mexico.csv",-97.795,22.262,"./eraint/madero,tampico_277a_mexico.csv"
400,"magueyes_island,pr_246a_usa.csv",-67.047,17.972,"./eraint/magueyes_island,pr_246a_usa.csv"
401,mahon_mahon_spain.csv,4.2706,39.893,./eraint/mahon_mahon_spain.csv
402,maisaka_japan.csv,137.62,34.683,./eraint/maisaka_japan.csv
403,maizuru_japan.csv,135.38,35.467,./eraint/maizuru_japan.csv
404,"majuro,marshallislands_001.csv",171.37,7.1067,"./eraint/majuro,marshallislands_001.csv"
405,makurazaki_japan.csv,130.3,31.267,./eraint/makurazaki_japan.csv
406,malaga_mala_spain.csv,-4.4167,36.717,./eraint/malaga_mala_spain.csv
407,malakal_b_007b_republic_of_belau.csv,134.46,7.33,./eraint/malakal_b_007b_republic_of_belau.csv
408,"male_b,hulule_108b_rep._of_maldives.csv",73.517,4.1833,"./eraint/male_b,hulule_108b_rep._of_maldives.csv"
409,malin_head_834a_ireland.csv,-7.3333,55.367,./eraint/malin_head_834a_ireland.csv
410,"maniitsoq,greenland_001.csv",-52.905,65.413,"./eraint/maniitsoq,greenland_001.csv"
411,manila_b_370b_philippines.csv,120.97,14.583,./eraint/manila_b_370b_philippines.csv
412,manta_b_089b_ecuador.csv,-80.733,-0.95,./eraint/manta_b_089b_ecuador.csv
413,mantyluoto_007_finland.csv,21.463,61.594,./eraint/mantyluoto_007_finland.csv
414,manus_065a_papua_new_guinea.csv,147.27,-2.0133,./eraint/manus_065a_papua_new_guinea.csv
415,"manzanillo_b,mexico_001.csv",-104.33,19.053,"./eraint/manzanillo_b,mexico_001.csv"
416,maputo_b_190b_mozambique.csv,32.57,-25.975,./eraint/maputo_b_190b_mozambique.csv
417,marsden_point_398a_new_zealand.csv,174.5,-35.833,./eraint/marsden_point_398a_new_zealand.csv
418,marseille_france.csv,5.35,43.3,./eraint/marseille_france.csv
419,marviken_012_sweden.csv,16.837,58.554,./eraint/marviken_012_sweden.csv
420,mar_del_plata_b_729b_argentina.csv,-57.55,-38.05,./eraint/mar_del_plata_b_729b_argentina.csv
421,masirah_113a_oman.csv,58.872,20.687,./eraint/masirah_113a_oman.csv
422,matarani_b_094b_peru.csv,-72.117,-17.0,./eraint/matarani_b_094b_peru.csv
423,matsuyama_japan.csv,132.72,33.867,./eraint/matsuyama_japan.csv
424,mawson_177a_australia.csv,62.883,-67.6,./eraint/mawson_177a_australia.csv
425,"mayaguez,_pr_736a_usa.csv",-67.16,18.22,"./eraint/mayaguez,_pr_736a_usa.csv"
426,"mayport,fl_753a_usa.csv",-81.432,30.395,"./eraint/mayport,fl_753a_usa.csv"
427,melilla_melilla_spain.csv,-2.918,35.291,./eraint/melilla_melilla_spain.csv
428,meneng_158a_indonesia.csv,114.38,-8.1167,./eraint/meneng_158a_indonesia.csv
429,mera_japan.csv,139.83,34.917,./eraint/mera_japan.csv
430,messina_messina_italy.csv,15.563,38.196,./eraint/messina_messina_italy.csv
431,"miami,hauloverpier_001.csv",-80.117,25.9,"./eraint/miami,hauloverpier_001.csv"
432,miamibeach_usa.csv,-80.132,25.768,./eraint/miamibeach_usa.csv
433,midway_050a_usa_trust.csv,-177.37,28.217,./eraint/midway_050a_usa_trust.csv
434,milfordhaven_p056_uk.csv,-5.0143,51.702,./eraint/milfordhaven_p056_uk.csv
435,millport_p049_uk.csv,-4.9058,55.75,./eraint/millport_p049_uk.csv
436,minamidaito_japan.csv,131.23,25.867,./eraint/minamidaito_japan.csv
437,minamitorishima_japan.csv,153.98,24.3,./eraint/minamitorishima_japan.csv
438,mina_sulman_182a_bahrain.csv,50.6,26.233,./eraint/mina_sulman_182a_bahrain.csv
439,miri_388a_malaysia.csv,113.97,4.3917,./eraint/miri_388a_malaysia.csv
440,misumi_japan.csv,130.45,32.617,./eraint/misumi_japan.csv
441,miyakejima_357a_japan.csv,139.48,34.067,./eraint/miyakejima_357a_japan.csv
442,miyako_japan.csv,141.98,39.65,./eraint/miyako_japan.csv
443,mokuoloe_061a_usa.csv,-157.8,21.433000000000003,./eraint/mokuoloe_061a_usa.csv
444,mombasa_101a_kenya.csv,39.657,-4.07,./eraint/mombasa_101a_kenya.csv
445,monaco_port_hercule_france.csv,7.4215,43.729,./eraint/monaco_port_hercule_france.csv
446,"mona_is.,_pr_267a_usa.csv",-67.938,18.09,"./eraint/mona_is.,_pr_267a_usa.csv"
447,"montauk,ny_279a_usa.csv",-71.96,41.048,"./eraint/montauk,ny_279a_usa.csv"
448,"monterey,ca_555a_usa.csv",-121.89,36.605,"./eraint/monterey,ca_555a_usa.csv"
449,montoir_de_bretagne_.csv,-2.1084,47.306,./eraint/montoir_de_bretagne_.csv
450,morayfirth_p207_uk.csv,-4.0022,57.599,./eraint/morayfirth_p207_uk.csv
451,mossel_bay_185a_south_africa.csv,22.133000000000006,-34.183,./eraint/mossel_bay_185a_south_africa.csv
452,motril_motril_spain.csv,-3.524,36.72,./eraint/motril_motril_spain.csv
453,moulmein_906a_myanmar.csv,97.622,16.465,./eraint/moulmein_906a_myanmar.csv
454,mumbles_p932_uk.csv,-3.9754,51.57,./eraint/mumbles_p932_uk.csv
455,murotomisaki_japan.csv,134.17,33.267,./eraint/murotomisaki_japan.csv
456,muscat_b_110b_oman.csv,58.565,23.628,./eraint/muscat_b_110b_oman.csv
457,nagasaki_japan.csv,129.87,32.733000000000004,./eraint/nagasaki_japan.csv
458,nagoya_japan.csv,136.88,35.083,./eraint/nagoya_japan.csv
459,naha_japan.csv,127.67,26.217,./eraint/naha_japan.csv
460,"nain,nf_01430_canada.csv",-61.683,56.55,"./eraint/nain,nf_01430_canada.csv"
461,nakano_shima_345a_japan.csv,129.84,29.842,./eraint/nakano_shima_345a_japan.csv
462,nantes_usine_brulee_.csv,-1.5742,47.20399999999999,./eraint/nantes_usine_brulee_.csv
463,nantucketisland_usa.csv,-70.097,41.285,./eraint/nantucketisland_usa.csv
464,naos_b_300b_panama.csv,-79.533,8.9167,./eraint/naos_b_300b_panama.csv
465,napier_668a_new_zealand.csv,176.92,-39.483,./eraint/napier_668a_new_zealand.csv
466,naples_usa.csv,-81.807,26.13,./eraint/naples_usa.csv
467,napoli_napoli_italy.csv,14.269,40.841,./eraint/napoli_napoli_italy.csv
468,natal_c_202c_brazil.csv,-35.195,-5.7517,./eraint/natal_c_202c_brazil.csv
469,nauru_001.csv,166.91,-0.5283,./eraint/nauru_001.csv
470,nawiliwili_058a_usa.csv,-159.36,21.955,./eraint/nawiliwili_058a_usa.csv
471,naze_359a_japan.csv,129.5,28.383000000000006,./eraint/naze_359a_japan.csv
472,"neah_bay,wa_558a_usa.csv",-124.62,48.368,"./eraint/neah_bay,wa_558a_usa.csv"
473,nelson_077a_new_zealand.csv,173.27,-41.267,./eraint/nelson_077a_new_zealand.csv
474,newcastle_019_australia.csv,151.78,-32.926,./eraint/newcastle_019_australia.csv
475,newhaven_p011_uk.csv,0.05703,50.782,./eraint/newhaven_p011_uk.csv
476,newlondon_usa.csv,-72.09,41.361,./eraint/newlondon_usa.csv
477,newlyn_p001_uk.csv,-5.5417,50.102,./eraint/newlyn_p001_uk.csv
478,"newport,ri_253a_usa.csv",-71.327,41.505,"./eraint/newport,ri_253a_usa.csv"
479,newport_p057_uk.csv,-2.9874,51.55,./eraint/newport_p057_uk.csv
480,newport_usa.csv,-71.327,41.505,./eraint/newport_usa.csv
481,"newwestminster,bc_07654_canada.csv",-122.91,49.2,"./eraint/newwestminster,bc_07654_canada.csv"
482,newyork_thebattery__usa.csv,-74.014,40.701,./eraint/newyork_thebattery__usa.csv
483,"new_london,ct_744a_usa.csv",-72.087,41.355,"./eraint/new_london,ct_744a_usa.csv"
484,"new_york,ny_745a_usa.csv",-74.015,40.7,"./eraint/new_york,ny_745a_usa.csv"
485,nice_france.csv,7.2853,43.69600000000001,./eraint/nice_france.csv
486,nishinoomote_363a_japan.csv,131.0,30.732,./eraint/nishinoomote_363a_japan.csv
487,"nome,ak_595a_usa.csv",-165.43,64.5,"./eraint/nome,ak_595a_usa.csv"
488,norfolk_island_b_062b_australia.csv,167.95,-29.067,./eraint/norfolk_island_b_062b_australia.csv
489,northshields_p032_uk.csv,-1.4398,55.007,./eraint/northshields_p032_uk.csv
490,"northsydney,ns_00612_canada.csv",-60.25,46.217,"./eraint/northsydney,ns_00612_canada.csv"
491,nosy_be_150a_madagascar.csv,48.3,-13.4,./eraint/nosy_be_150a_madagascar.csv
492,noto_japan.csv,137.15,37.5,./eraint/noto_japan.csv
493,nouakchott_806a_mauritania.csv,-16.037,17.99,./eraint/nouakchott_806a_mauritania.csv
494,noumea_b_019b_france.csv,166.44,-22.292,./eraint/noumea_b_019b_france.csv
495,nuku_alofa_038a_tonga.csv,-175.2,-21.133000000000006,./eraint/nuku_alofa_038a_tonga.csv
496,nuku_hiva_031a_french_polynesia.csv,-140.08,-8.93,./eraint/nuku_hiva_031a_french_polynesia.csv
497,"ny_alesund,norway_001.csv",11.95,78.933,"./eraint/ny_alesund,norway_001.csv"
498,odawara_japan.csv,139.15,35.23300000000001,./eraint/odawara_japan.csv
499,ofunato_japan.csv,141.72,39.067,./eraint/ofunato_japan.csv
500,okada_japan.csv,139.38,34.783,./eraint/okada_japan.csv
501,olandsnorraudde_013_sweden.csv,17.097,57.36600000000001,./eraint/olandsnorraudde_013_sweden.csv
502,omaezaki_japan.csv,138.22,34.617,./eraint/omaezaki_japan.csv
503,onahama_japan.csv,140.9,36.933,./eraint/onahama_japan.csv
504,ortona_ortona_italy.csv,14.415,42.356,./eraint/ortona_ortona_italy.csv
505,osaka_japan.csv,135.43,34.65,./eraint/osaka_japan.csv
506,oskarshamn_014_sweden.csv,16.477999999999998,57.275,./eraint/oskarshamn_014_sweden.csv
507,oslo_004_norway.csv,10.734000000000002,59.909,./eraint/oslo_004_norway.csv
508,otaru_japan.csv,141.0,43.2,./eraint/otaru_japan.csv
509,otranto_otranto_italy.csv,18.497,40.147,./eraint/otranto_otranto_italy.csv
510,oulu_008_finland.csv,25.418000000000006,65.04,./eraint/oulu_008_finland.csv
511,oura_japan.csv,130.22,32.983000000000004,./eraint/oura_japan.csv
512,owase_japan.csv,136.22,34.067,./eraint/owase_japan.csv
513,padang_b_107b_indonesia.csv,100.37,-1.0,./eraint/padang_b_107b_indonesia.csv
514,"pago_bay,_guam_037a_usa.csv",144.8,13.428,"./eraint/pago_bay,_guam_037a_usa.csv"
515,pago_pago_056a_usa_trust.csv,-170.68,-14.283,./eraint/pago_pago_056a_usa_trust.csv
516,paimboeuf_.csv,-2.0004,47.287,./eraint/paimboeuf_.csv
517,paita_b_678b_peru.csv,-81.167,-5.0833,./eraint/paita_b_678b_peru.csv
518,palermo_palermo_italy.csv,13.371,38.121,./eraint/palermo_palermo_italy.csv
519,palinuro_palinuro_italy.csv,15.275,40.032,./eraint/palinuro_palinuro_italy.csv
520,palma_de_mallorca_palmademallorca_spain.csv,2.6375,39.56,./eraint/palma_de_mallorca_palmademallorca_spain.csv
521,palmeira_235a_portugal.csv,-22.983,16.755,./eraint/palmeira_235a_portugal.csv
522,panama_city_beach_761a_usa.csv,-85.88,30.213,./eraint/panama_city_beach_761a_usa.csv
523,papeete_b_015b_french_polynesia.csv,-149.57,-17.532,./eraint/papeete_b_015b_french_polynesia.csv
524,pari_159a_indonesia.csv,106.62,-5.85,./eraint/pari_159a_indonesia.csv
525,"patriciabay,bc_07277_canada.csv",-123.45,48.654,"./eraint/patriciabay,bc_07277_canada.csv"
526,pemba_c_192c_mozambique.csv,40.5,-12.967,./eraint/pemba_c_192c_mozambique.csv
527,penang_144a_malaysia.csv,100.35,5.4217,./eraint/penang_144a_malaysia.csv
528,penrhyn_024a_cook_islands.csv,-158.05,-8.9767,./eraint/penrhyn_024a_cook_islands.csv
529,"pensacola,fl_762a_usa.csv",-87.213,30.403,"./eraint/pensacola,fl_762a_usa.csv"
530,"penuelas,_pr_243a_usa.csv",-66.762,17.972,"./eraint/penuelas,_pr_243a_usa.csv"
531,peter___paul_rocks_201a_brazil.csv,-29.343000000000004,0.92,./eraint/peter___paul_rocks_201a_brazil.csv
532,philadelphia_pier9n__usa.csv,-75.142,39.933,./eraint/philadelphia_pier9n__usa.csv
533,pietarsaari_009_finland.csv,22.69,63.709,./eraint/pietarsaari_009_finland.csv
534,pisco_b_683b_peru.csv,-76.133,-13.417,./eraint/pisco_b_683b_peru.csv
535,pohnpei_c_001c_fd._st._micronesia.csv,158.23,6.9833,./eraint/pohnpei_c_001c_fd._st._micronesia.csv
536,"pointatkinson,bc_07795_canada.csv",-123.25,49.337,"./eraint/pointatkinson,bc_07795_canada.csv"
537,pointe_a_pitre_272a_france.csv,-61.533,16.233,./eraint/pointe_a_pitre_272a_france.csv
538,pointe_noire_b_234b_congo.csv,11.85,-4.8,./eraint/pointe_noire_b_234b_congo.csv
539,"pointlarue,seychelles_001.csv",55.528,-4.6717,"./eraint/pointlarue,seychelles_001.csv"
540,point_fortin_728a_trinidad_and_tobago.csv,-61.417,10.1,./eraint/point_fortin_728a_trinidad_and_tobago.csv
541,ponta_delgada_211a_portugal.csv,-25.672,37.735,./eraint/ponta_delgada_211a_portugal.csv
542,"port_aux_basques,nf_00665_canada.csv",-59.133,47.567,"./eraint/port_aux_basques,nf_00665_canada.csv"
543,port_bloc_.csv,-1.0616,45.569,./eraint/port_bloc_.csv
544,port_camargue_france.csv,4.1264,43.52,./eraint/port_camargue_france.csv
545,port_tudy_.csv,-3.4459,47.644,./eraint/port_tudy_.csv
546,port_vendres_france.csv,3.1075,42.52,./eraint/port_vendres_france.csv
547,portadelaideouter_020_australia.csv,138.6,-34.926,./eraint/portadelaideouter_020_australia.csv
548,portbury_p341_uk.csv,-2.7285,51.5,./eraint/portbury_p341_uk.csv
549,"portelizabeth,southafrica_001.csv",25.63,-33.96,"./eraint/portelizabeth,southafrica_001.csv"
550,portellen_p202_uk.csv,-6.1901,55.627,./eraint/portellen_p202_uk.csv
551,porterin_p919_uk.csv,-4.7681,54.085,./eraint/porterin_p919_uk.csv
552,"porthardy,bc_08408_canada.csv",-127.49,50.722,"./eraint/porthardy,bc_08408_canada.csv"
553,porthedland_022_australia.csv,118.58,-20.314,./eraint/porthedland_022_australia.csv
554,portisabel_usa.csv,-97.215,26.06,./eraint/portisabel_usa.csv
555,"portland,me_252a_usa.csv",-70.247,43.657,"./eraint/portland,me_252a_usa.csv"
556,"portland,s.aus._129a_australia.csv",141.6,-38.333,"./eraint/portland,s.aus._129a_australia.csv"
557,portland_maine__usa.csv,-70.247,43.657,./eraint/portland_maine__usa.csv
558,portlincoln_023_australia.csv,135.86,-34.72,./eraint/portlincoln_023_australia.csv
559,portlonsdale_017_australia.csv,138.5,-35.099000000000004,./eraint/portlonsdale_017_australia.csv
560,"portlouis_c,mauritius_001.csv",57.49,-20.153,"./eraint/portlouis_c,mauritius_001.csv"
561,portmansfield_usa.csv,-97.422,26.555,./eraint/portmansfield_usa.csv
562,"portogrande,capeverde_001.csv",-24.983,16.867,"./eraint/portogrande,capeverde_001.csv"
563,porto_empedocle_porto+empedocle_italy.csv,13.527,37.286,./eraint/porto_empedocle_porto+empedocle_italy.csv
564,porto_grande_216a_portugal.csv,-24.983,16.867,./eraint/porto_grande_216a_portugal.csv
565,porto_torres_porto+torres_italy.csv,8.4039,40.842,./eraint/porto_torres_porto+torres_italy.csv
566,portpatrick_p063_uk.csv,-5.12,54.843,./eraint/portpatrick_p063_uk.csv
567,portpirie_024_australia.csv,138.01,-33.177,./eraint/portpirie_024_australia.csv
568,portrush_p935_uk.csv,-6.6568,55.207,./eraint/portrush_p935_uk.csv
569,portsanluis_usa.csv,-120.76,35.177,./eraint/portsanluis_usa.csv
570,portsmouth_p008_uk.csv,-1.1118,50.803,./eraint/portsmouth_p008_uk.csv
571,"portvictoria_b,seychelles_001.csv",55.458,-4.6217,"./eraint/portvictoria_b,seychelles_001.csv"
572,"portvila_b,vanuatu_001.csv",168.32,-17.733,"./eraint/portvila_b,vanuatu_001.csv"
573,port_allen_553a_usa.csv,-159.6,21.9,./eraint/port_allen_553a_usa.csv
574,"port_angeles,_wa_584a_usa.csv",-123.44,48.125,"./eraint/port_angeles,_wa_584a_usa.csv"
575,"port_canaveral,_fl_774a_usa.csv",-80.593,28.415,"./eraint/port_canaveral,_fl_774a_usa.csv"
576,port_chalmers_669a_new_zealand.csv,170.65,-45.817,./eraint/port_chalmers_669a_new_zealand.csv
577,port_elizabeth_184a_south_africa.csv,25.63,-33.96,./eraint/port_elizabeth_184a_south_africa.csv
578,port_ferreol_france.csv,6.7176,43.359,./eraint/port_ferreol_france.csv
579,port_hedland_169a_australia.csv,118.58,-20.318,./eraint/port_hedland_169a_australia.csv
580,"port_isabel,tx_772a_usa.csv",-97.215,26.06,"./eraint/port_isabel,tx_772a_usa.csv"
581,port_kembla_342a_australia.csv,150.91,-34.473,./eraint/port_kembla_342a_australia.csv
582,port_louis_c_103c_mauritius.csv,57.49,-20.153,./eraint/port_louis_c_103c_mauritius.csv
583,port_moresby_064a_papua_new_guinea.csv,147.14,-9.4783,./eraint/port_moresby_064a_papua_new_guinea.csv
584,port_nolloth_701a_south_africa.csv,16.867,-29.25,./eraint/port_nolloth_701a_south_africa.csv
585,port_of_spain_248a_trinidad_and_tobago.csv,-61.517,10.65,./eraint/port_of_spain_248a_trinidad_and_tobago.csv
586,"port_orford,_or_557a_usa.csv",-124.5,42.74,"./eraint/port_orford,_or_557a_usa.csv"
587,"port_san_luis,_ca_565a_usa.csv",-120.76,35.177,"./eraint/port_san_luis,_ca_565a_usa.csv"
588,port_sonara_816a_cameroon.csv,9.1267,-4.0067,./eraint/port_sonara_816a_cameroon.csv
589,port_stanley_b_290b_united_kingdom.csv,-57.933,-51.75,./eraint/port_stanley_b_290b_united_kingdom.csv
590,port_stanvac_100a_australia.csv,138.47,-35.108000000000004,./eraint/port_stanvac_100a_australia.csv
591,port_victoria_b_111b_seychelles.csv,55.458,-4.6217,./eraint/port_victoria_b_111b_seychelles.csv
592,port_vila_b_046b_vanuatu.csv,168.32,-17.733,./eraint/port_vila_b_046b_vanuatu.csv
593,"praia_c,cape_verde_222c_portugal.csv",-23.5,14.917,"./eraint/praia_c,cape_verde_222c_portugal.csv"
594,praslin_106a_seychelles.csv,55.767,-4.3433,./eraint/praslin_106a_seychelles.csv
595,prigi_125a_indonesia.csv,111.73,-8.28,./eraint/prigi_125a_indonesia.csv
596,"princerupert,bc_09354_canada.csv",-130.33,54.317,"./eraint/princerupert,bc_09354_canada.csv"
597,"princerupert,canada_001.csv",-130.17,54.317,"./eraint/princerupert,canada_001.csv"
598,"progreso_c,_yuc._721c_mexico.csv",-89.667,21.283,"./eraint/progreso_c,_yuc._721c_mexico.csv"
599,providence_statepier__usa.csv,-71.40100000000002,41.807,./eraint/providence_statepier__usa.csv
600,"provideniya_b,russia_001.csv",-173.2,64.4,"./eraint/provideniya_b,russia_001.csv"
601,"prudhoe_bay,_ak_579a_usa.csv",-148.53,70.4,"./eraint/prudhoe_bay,_ak_579a_usa.csv"
602,pt._la_rue_121a_seychelles.csv,55.528,-4.6717,./eraint/pt._la_rue_121a_seychelles.csv
603,"puertowilliams,chile_001.csv",-67.617,-54.933,"./eraint/puertowilliams,chile_001.csv"
604,puerto_angel_672a_mexico.csv,-96.493,15.657,./eraint/puerto_angel_672a_mexico.csv
605,puerto_armuelles_b_304b_panama.csv,-82.86,8.2733,./eraint/puerto_armuelles_b_304b_panama.csv
606,puerto_cortes_b_780b_honduras.csv,-87.95,15.833,./eraint/puerto_cortes_b_780b_honduras.csv
607,puerto_deseado_b_286b_argentina.csv,-65.917,-47.75,./eraint/puerto_deseado_b_286b_argentina.csv
608,puerto_de_la_luz_pluz_spain.csv,-15.417,28.133000000000006,./eraint/puerto_de_la_luz_pluz_spain.csv
609,puerto_madero_318a_mexico.csv,-92.433,14.717,./eraint/puerto_madero_318a_mexico.csv
610,puerto_madryn_731a_argentina.csv,-65.032,-38.76300000000001,./eraint/puerto_madryn_731a_argentina.csv
611,puerto_montt_684a_chile.csv,-72.967,-41.483,./eraint/puerto_montt_684a_chile.csv
612,puerto_moreles_860a_mexico.csv,-86.867,20.868,./eraint/puerto_moreles_860a_mexico.csv
613,puerto_plata_777a_dominica_republic.csv,-70.702,19.798,./eraint/puerto_plata_777a_dominica_republic.csv
614,puerto_princesa_380a_philippines.csv,118.73,9.75,./eraint/puerto_princesa_380a_philippines.csv
615,puerto_quetzal_301a_guatemala.csv,-90.785,13.922,./eraint/puerto_quetzal_301a_guatemala.csv
616,puntarenas_396a_costa_rica.csv,-84.833,9.9667,./eraint/puntarenas_396a_costa_rica.csv
617,punta_cana_776a_dominica_republic.csv,-68.375,18.505,./eraint/punta_cana_776a_dominica_republic.csv
618,"qaqortoq,greenland_001.csv",-46.033,60.717,"./eraint/qaqortoq,greenland_001.csv"
619,"queencharlottecity,bc_09850_canada.csv",-132.07,53.252,"./eraint/queencharlottecity,bc_09850_canada.csv"
620,"quepos,costarica_001.csv",-84.167,9.4,"./eraint/quepos,costarica_001.csv"
621,qui_nhon_b_381b_vietnam.csv,109.25,13.767,./eraint/qui_nhon_b_381b_vietnam.csv
622,raahe_010_finland.csv,24.407,64.666,./eraint/raahe_010_finland.csv
623,"rabaul,papuanewguinea_001.csv",152.18,-4.2,"./eraint/rabaul,papuanewguinea_001.csv"
624,"rarotonga,cookislands_001.csv",-159.78,-21.207,"./eraint/rarotonga,cookislands_001.csv"
625,ratan_015_sweden.csv,20.895,63.986,./eraint/ratan_015_sweden.csv
626,rauma_011_finland.csv,21.426,61.133,./eraint/rauma_011_finland.csv
627,ravenna_ravenna_italy.csv,12.283,44.492,./eraint/ravenna_ravenna_italy.csv
628,reedypoint_usa.csv,-75.57300000000002,39.558,./eraint/reedypoint_usa.csv
629,reggio_calabria_reggio+calabria_italy.csv,15.649,38.121,./eraint/reggio_calabria_reggio+calabria_italy.csv
630,reihoku_japan.csv,130.03,32.467,./eraint/reihoku_japan.csv
631,reunion_164a_france.csv,55.285,-20.935,./eraint/reunion_164a_france.csv
632,reykjavik_iceland.csv,-21.933000000000003,64.15,./eraint/reykjavik_iceland.csv
633,richard_s_bay_188a_south_africa.csv,32.083,-28.8,./eraint/richard_s_bay_188a_south_africa.csv
634,rikitea_016a_french_polynesia.csv,-134.95,-23.125,./eraint/rikitea_016a_french_polynesia.csv
635,ringhals_016_sweden.csv,12.113,57.25,./eraint/ringhals_016_sweden.csv
636,rio_grande_714a_brazil.csv,-52.103,-32.138000000000005,./eraint/rio_grande_714a_brazil.csv
637,"rockport,_tx_769a_usa.csv",-97.047,28.022,"./eraint/rockport,_tx_769a_usa.csv"
638,rodrigues_105a_mauritius.csv,63.418,-19.668,./eraint/rodrigues_105a_mauritius.csv
639,roervik_005_norway.csv,11.23,64.859,./eraint/roervik_005_norway.csv
640,roscoff_.csv,-3.9657,48.718,./eraint/roscoff_.csv
641,rosslyn_bay_330a_australia.csv,150.79,-23.162,./eraint/rosslyn_bay_330a_australia.csv
642,rothera_uk.csv,-68.133,-67.567,./eraint/rothera_uk.csv
643,s.cruz_d._palma_d_206d_spain.csv,-17.75,28.683000000000003,./eraint/s.cruz_d._palma_d_206d_spain.csv
644,sabang_123a_indonesia.csv,95.317,5.8883,./eraint/sabang_123a_indonesia.csv
645,"sabine_pass_n,tx_766a_usa.csv",-93.87,29.73,"./eraint/sabine_pass_n,tx_766a_usa.csv"
646,sado_japan.csv,138.52,38.317,./eraint/sado_japan.csv
647,sagunto_sagunto_spain.csv,-0.206,39.634,./eraint/sagunto_sagunto_spain.csv
648,saigo_japan.csv,133.33,36.2,./eraint/saigo_japan.csv
649,saiki_japan.csv,131.97,32.95,./eraint/saiki_japan.csv
650,saint_gildas_.csv,-2.2464,47.14,./eraint/saint_gildas_.csv
651,saint_jean_de_luz_so_.csv,-1.6816,43.395,./eraint/saint_jean_de_luz_so_.csv
652,saint_malo_.csv,-2.0281,48.64100000000001,./eraint/saint_malo_.csv
653,saint_nazaire_.csv,-2.2016,47.267,./eraint/saint_nazaire_.csv
654,"saintjohn,nb_00065_canada.csv",-66.063,45.25100000000001,"./eraint/saintjohn,nb_00065_canada.csv"
655,saint_paul_179a_france.csv,77.538,-38.712,./eraint/saint_paul_179a_france.csv
656,saipan_b_028b_n._mariana_islands.csv,145.74,15.227,./eraint/saipan_b_028b_n._mariana_islands.csv
657,sakai_japan.csv,133.25,35.55,./eraint/sakai_japan.csv
658,salalah_114a_oman.csv,54.0,16.933,./eraint/salalah_114a_oman.csv
659,saldahna_bay_703a_south_africa.csv,17.95,-33.017,./eraint/saldahna_bay_703a_south_africa.csv
660,salerno_salerno_italy.csv,14.768,40.672,./eraint/salerno_salerno_italy.csv
661,salina_cruz_394a_mexico.csv,-95.203,16.16,./eraint/salina_cruz_394a_mexico.csv
662,salvador_b_708b_brazil.csv,-38.517,-12.967,./eraint/salvador_b_708b_brazil.csv
663,sandakan_389a_malaysia.csv,118.07,5.81,./eraint/sandakan_389a_malaysia.csv
664,sandiego_quarantinestation__usa.csv,-117.17,32.715,./eraint/sandiego_quarantinestation__usa.csv
665,sandyhook_usa.csv,-74.009,40.467,./eraint/sandyhook_usa.csv
666,"sand_point,ak_574a_usa.csv",-160.5,55.337,"./eraint/sand_point,ak_574a_usa.csv"
667,"sanfelix,chile_001.csv",-80.133,-26.283,"./eraint/sanfelix,chile_001.csv"
668,sanfrancisco_usa.csv,-122.47,37.807,./eraint/sanfrancisco_usa.csv
669,"sanjuan,puertorico,usa_001.csv",-66.117,18.467,"./eraint/sanjuan,puertorico,usa_001.csv"
670,"santacruz,galapagos,ecuador_001.csv",-90.312,-0.7533,"./eraint/santacruz,galapagos,ecuador_001.csv"
671,santamonica_municipalpier__usa.csv,-118.5,34.008,./eraint/santamonica_municipalpier__usa.csv
672,santana_ssn_b_717b_brazil.csv,-51.18,-0.0567,./eraint/santana_ssn_b_717b_brazil.csv
673,santander_ieo_spain.csv,-3.79,43.46100000000001,nan
674,"santa_barbara,_ca_577a_usa.csv",-119.69,34.408,"./eraint/santa_barbara,_ca_577a_usa.csv"
675,santa_cruz_030a_ecuador.csv,-90.313,-0.755,./eraint/santa_cruz_030a_ecuador.csv
676,"santa_monica,_ca_578a_usa.csv",-118.5,34.008,"./eraint/santa_monica,_ca_578a_usa.csv"
677,san_andres_737a_colombia.csv,-81.7,12.583,./eraint/san_andres_737a_colombia.csv
678,san_carlos_674a_mexico.csv,-112.12,24.79,./eraint/san_carlos_674a_mexico.csv
679,san_diego_569a_usa.csv,-117.17,32.713,./eraint/san_diego_569a_usa.csv
680,san_felipe_307a_mexico.csv,-114.82,31.018,./eraint/san_felipe_307a_mexico.csv
681,san_felix_035a_chile.csv,-80.108,-26.292,./eraint/san_felix_035a_chile.csv
682,"san_francisco,ca_551a_usa.csv",-122.47,37.807,"./eraint/san_francisco,ca_551a_usa.csv"
683,"san_juan,pr_245a_usa.csv",-66.117,18.46,"./eraint/san_juan,pr_245a_usa.csv"
684,san_juan_b_096b_peru.csv,-75.2,-15.367,./eraint/san_juan_b_096b_peru.csv
685,san_quintin_308a_mexico.csv,-115.98,30.483,./eraint/san_quintin_308a_mexico.csv
686,sao_tome_225a_sao_tome_principe.csv,6.5133,0.0167,./eraint/sao_tome_225a_sao_tome_principe.csv
687,saumlaki_420a_indonesia.csv,131.29,-7.9817,./eraint/saumlaki_420a_indonesia.csv
688,scott_base_663a_new_zealand.csv,166.75,-77.85,./eraint/scott_base_663a_new_zealand.csv
689,seattle_usa.csv,-122.34,47.603,./eraint/seattle_usa.csv
690,seaveyisland_usa.csv,-70.742,43.08,./eraint/seaveyisland_usa.csv
691,sedili_324a_malaysia.csv,104.11,1.9317,./eraint/sedili_324a_malaysia.csv
692,seldovia_usa.csv,-151.72,59.44,./eraint/seldovia_usa.csv
693,sete_france.csv,3.6991,43.398,./eraint/sete_france.csv
694,settlement_point_b_257b_bahamas.csv,-78.997,26.71,./eraint/settlement_point_b_257b_bahamas.csv
695,"seward_c,ak_560c_usa.csv",-149.43,60.12,"./eraint/seward_c,ak_560c_usa.csv"
696,"sewellspoint,hamptonroads_usa.csv",-76.33,36.947,"./eraint/sewellspoint,hamptonroads_usa.csv"
697,shanwei_641a_china.csv,115.35,22.75,./eraint/shanwei_641a_china.csv
698,sheerness_p015_uk.csv,0.74306,51.442,./eraint/sheerness_p015_uk.csv
699,shijiusuo_642a_china.csv,119.55,35.383,./eraint/shijiusuo_642a_china.csv
700,shimizuminato_japan.csv,138.52,35.017,./eraint/shimizuminato_japan.csv
701,shimokita_japan.csv,141.23,41.367,./eraint/shimokita_japan.csv
702,shimonoseki_japan.csv,130.93,33.933,./eraint/shimonoseki_japan.csv
703,shirahama_japan.csv,135.38,33.683,./eraint/shirahama_japan.csv
704,sibolga_b_122b_indonesia.csv,98.767,1.75,./eraint/sibolga_b_122b_indonesia.csv
705,"siboney,cuba_001.csv",-82.47200000000002,23.092,"./eraint/siboney,cuba_001.csv"
706,simon_s_town_221a_south_africa.csv,18.433,-34.183,./eraint/simon_s_town_221a_south_africa.csv
707,simrishamn_017_sweden.csv,14.358,55.557,./eraint/simrishamn_017_sweden.csv
708,"sisimiut,greenland_001.csv",-53.667,66.933,"./eraint/sisimiut,greenland_001.csv"
709,"sitka,ak_559a_usa.csv",-135.34,57.052,"./eraint/sitka,ak_559a_usa.csv"
710,skagsudde_018_sweden.csv,19.012,63.191,./eraint/skagsudde_018_sweden.csv
711,skagway_usa.csv,-135.33,59.45,./eraint/skagway_usa.csv
712,skanor_019_sweden.csv,12.829,55.417,./eraint/skanor_019_sweden.csv
713,smogen_020_sweden.csv,11.218,58.354,./eraint/smogen_020_sweden.csv
714,solenzara_france.csv,9.4038,41.857,./eraint/solenzara_france.csv
715,solomonsisland_biol.lab.__usa.csv,-76.452,38.317,./eraint/solomonsisland_biol.lab.__usa.csv
716,"southcaicos,u.k._001.csv",-72.0,22.0,"./eraint/southcaicos,u.k._001.csv"
717,"south_beach,or_592a_usa.csv",-124.04,44.625,"./eraint/south_beach,or_592a_usa.csv"
718,south_caicos_720a_uk.csv,-71.533,21.483,./eraint/south_caicos_720a_uk.csv
719,"south_pass,_la_764a_usa.csv",-89.14,28.99,"./eraint/south_pass,_la_764a_usa.csv"
720,spikarna_021_sweden.csv,17.531,62.363,./eraint/spikarna_021_sweden.csv
721,springmaidpier_usa.csv,-78.918,33.655,./eraint/springmaidpier_usa.csv
722,spring_bay_335a_australia.csv,147.93,-42.55,./eraint/spring_bay_335a_australia.csv
723,"st.croix,_akalimetreebay__001.csv",-64.753,17.697,"./eraint/st.croix,_akalimetreebay__001.csv"
724,"st.johns,nf_00905_canada.csv",-52.717,47.567,"./eraint/st.johns,nf_00905_canada.csv"
725,st.paulisland_001.csv,77.583,-38.717,./eraint/st.paulisland_001.csv
726,st.petersburg_usa.csv,-82.62700000000002,27.761,./eraint/st.petersburg_usa.csv
727,"st._augustine,fl_262a_usa.csv",-81.262,29.857,"./eraint/st._augustine,fl_262a_usa.csv"
728,st._helena_292a_united_kingdom.csv,-5.7167,-15.917,./eraint/st._helena_292a_united_kingdom.csv
729,st._john_s_b_276b_canada.csv,-52.7,47.567,./eraint/st._john_s_b_276b_canada.csv
730,"st._petersburg,_fl_759a_usa.csv",-82.62700000000002,27.76,"./eraint/st._petersburg,_fl_759a_usa.csv"
731,stanley_uk.csv,-57.82100000000001,-51.692,./eraint/stanley_uk.csv
732,stenungsund_022_sweden.csv,11.832,58.093,./eraint/stenungsund_022_sweden.csv
733,"steveston,bc_07607_canada.csv",-123.18,49.125,"./eraint/steveston,bc_07607_canada.csv"
734,sthelena_uk.csv,-5.7178,-15.921,./eraint/sthelena_uk.csv
735,sthelier_p074_uk.csv,-2.1167,49.183,./eraint/sthelier_p074_uk.csv
736,stmarys_p231_uk.csv,-6.3164,49.918,./eraint/stmarys_p231_uk.csv
737,stockholm_826a_sweden.csv,18.082,59.324,./eraint/stockholm_826a_sweden.csv
738,stornoway_p042_uk.csv,-6.3882,58.208,./eraint/stornoway_p042_uk.csv
739,suape_710a_brazil.csv,-34.95,-8.35,./eraint/suape_710a_brazil.csv
740,subic_bay_382a_philippines.csv,120.25,14.765,./eraint/subic_bay_382a_philippines.csv
741,sumoto_japan.csv,134.9,34.35,./eraint/sumoto_japan.csv
742,surabaya_160a_indonesia.csv,112.72,-7.2083,./eraint/surabaya_160a_indonesia.csv
743,"suva,fiji_001.csv",178.43,-18.132,"./eraint/suva,fiji_001.csv"
744,"syowa,_antarctica_127a_japan.csv",39.6,-69.0,"./eraint/syowa,_antarctica_127a_japan.csv"
745,takamatsu_japan.csv,134.05,34.35,./eraint/takamatsu_japan.csv
746,takoradi_c_231c_ghana.csv,-1.75,4.8833,./eraint/takoradi_c_231c_ghana.csv
747,talara_b_092b_peru.csv,-81.282,-4.5817,./eraint/talara_b_092b_peru.csv
748,tanegashima_japan.csv,130.97,30.467,./eraint/tanegashima_japan.csv
749,tanjong_pagar_699a_singapore.csv,103.85,1.2617,./eraint/tanjong_pagar_699a_singapore.csv
750,tannowa_japan.csv,135.18,34.333,./eraint/tannowa_japan.csv
751,taranaki_076a_new_zealand.csv,174.03,-39.05,./eraint/taranaki_076a_new_zealand.csv
752,taranto_taranto_italy.csv,17.225,40.475,./eraint/taranto_taranto_italy.csv
753,"tarawa_c_betio_,kiribati_001.csv",172.94,1.3583,"./eraint/tarawa_c_betio_,kiribati_001.csv"
754,tarifa_tari_spain.csv,-5.6,36.0,./eraint/tarifa_tari_spain.csv
755,tauranga_073a_new_zealand.csv,176.18,-37.65,./eraint/tauranga_073a_new_zealand.csv
756,tawau_385a_malaysia.csv,117.88,4.2333,./eraint/tawau_385a_malaysia.csv
757,teknaf_137a_bangladesh.csv,92.3,20.883000000000006,./eraint/teknaf_137a_bangladesh.csv
758,"telchac,_yuk._862a_mexico.csv",-89.30799999999998,21.34,"./eraint/telchac,_yuk._862a_mexico.csv"
759,tenerife_tenerife_spain.csv,-16.24,28.478,./eraint/tenerife_tenerife_spain.csv
760,termisa_284a_brazil.csv,-37.05,-4.8167,./eraint/termisa_284a_brazil.csv
761,thevenard_026_australia.csv,133.65,-32.146,./eraint/thevenard_026_australia.csv
762,timaru_665a_new_zealand.csv,171.25,-44.383,./eraint/timaru_665a_new_zealand.csv
763,tinian_698a_n._mariana_islands.csv,145.62,14.96,./eraint/tinian_698a_n._mariana_islands.csv
764,tioman_323a_malaysia.csv,104.14,2.8067,./eraint/tioman_323a_malaysia.csv
765,toba_japan.csv,136.85,34.467,./eraint/toba_japan.csv
766,tobermory_p223_uk.csv,-6.0642,56.62300000000001,./eraint/tobermory_p223_uk.csv
767,"tofino,bc_08615_canada.csv",-125.91,49.154,"./eraint/tofino,bc_08615_canada.csv"
768,tokyo_japan.csv,139.77,35.65,./eraint/tokyo_japan.csv
769,tosashimizu_japan.csv,132.97,32.783,./eraint/tosashimizu_japan.csv
770,toulon_france.csv,5.9131,43.117,./eraint/toulon_france.csv
771,townsville_025_australia.csv,146.83,-19.25,./eraint/townsville_025_australia.csv
772,toyama_japan.csv,137.23,36.767,./eraint/toyama_japan.csv
773,tregde_006_norway.csv,7.5666,58.0,./eraint/tregde_006_norway.csv
774,trieste_270061_italy.csv,13.75,45.65,./eraint/trieste_270061_italy.csv
775,"truk,fed.micronesia_001.csv",151.85,7.45,"./eraint/truk,fed.micronesia_001.csv"
776,tsushima_japan.csv,129.32,34.267,./eraint/tsushima_japan.csv
777,tsushimahitakatsu_japan.csv,129.48,34.65,./eraint/tsushimahitakatsu_japan.csv
778,tumaco_303a_colombia.csv,-78.73,1.8167,./eraint/tumaco_303a_colombia.csv
779,turku_012_finland.csv,22.101,60.428,./eraint/turku_012_finland.csv
780,uchiura_japan.csv,138.88,35.017,./eraint/uchiura_japan.csv
781,ullapool_p043_uk.csv,-5.1579,57.895,./eraint/ullapool_p043_uk.csv
782,unalaska_usa.csv,-166.54,53.88,./eraint/unalaska_usa.csv
783,uno_japan.csv,133.95,34.483000000000004,./eraint/uno_japan.csv
784,uragami_japan.csv,135.9,33.567,./eraint/uragami_japan.csv
785,ushuaia_600a_argentina.csv,-68.217,-54.817,./eraint/ushuaia_600a_argentina.csv
786,uwajima_japan.csv,132.55,33.233000000000004,./eraint/uwajima_japan.csv
787,vaasa_013_finland.csv,21.571,63.081,./eraint/vaasa_013_finland.csv
788,"valdez,ak_562a_usa.csv",-146.36,61.125,"./eraint/valdez,ak_562a_usa.csv"
789,valencia_valencia_spain.csv,-0.33,39.46,./eraint/valencia_valencia_spain.csv
790,vallarta_393a_mexico.csv,-105.25,20.615,./eraint/vallarta_393a_mexico.csv
791,valparaiso_081a_chile.csv,-71.633,-33.033,./eraint/valparaiso_081a_chile.csv
792,"vancouver,bc_07735_canada.csv",-123.11,49.287,"./eraint/vancouver,bc_07735_canada.csv"
793,varberg1_024_sweden.csv,12.217,57.1,./eraint/varberg1_024_sweden.csv
794,"vardo,norway_001.csv",31.1,70.333,"./eraint/vardo,norway_001.csv"
795,venezia_punta_salute_italy.csv,12.425999999999998,45.419,./eraint/venezia_punta_salute_italy.csv
796,"veracruz_b,ver._250b_mexico.csv",-96.133,19.2,"./eraint/veracruz_b,ver._250b_mexico.csv"
797,vernadsky_a003_uk+ukraine.csv,-64.267,-65.25,./eraint/vernadsky_a003_uk+ukraine.csv
798,victorharbor_027_australia.csv,138.62,-35.55300000000001,./eraint/victorharbor_027_australia.csv
799,"victoria,bc_543a_canada.csv",-123.37,48.422,"./eraint/victoria,bc_543a_canada.csv"
800,"victoriaharbour,bc_07120_canada.csv",-123.37,48.425,"./eraint/victoriaharbour,bc_07120_canada.csv"
801,victoria_dock_337a_singapore.csv,103.82,1.2633,./eraint/victoria_dock_337a_singapore.csv
802,vigo_ieo_spain.csv,-8.7333,42.233,nan
803,viken_025_sweden.csv,12.579,56.142,./eraint/viken_025_sweden.csv
804,villagarcia_villagarcia_spain.csv,-8.77,42.601000000000006,./eraint/villagarcia_villagarcia_spain.csv
805,"virginia_key,fl_755a_usa.csv",-80.16199999999998,25.732,"./eraint/virginia_key,fl_755a_usa.csv"
806,visby_026_sweden.csv,18.284,57.639,./eraint/visby_026_sweden.csv
807,vung_tau_b_383b_vietnam.csv,107.07,10.34,./eraint/vung_tau_b_383b_vietnam.csv
808,wakayama_japan.csv,135.15,34.217,./eraint/wakayama_japan.csv
809,wake_051a_usa_trust.csv,166.62,19.283,./eraint/wake_051a_usa_trust.csv
810,wakkanai_japan.csv,141.68,45.4,./eraint/wakkanai_japan.csv
811,walvis_bay_220a_namibia.csv,14.5,-22.95,./eraint/walvis_bay_220a_namibia.csv
812,wanganui_075a_new_zealand.csv,174.99,-39.947,./eraint/wanganui_075a_new_zealand.csv
813,washingtondc_usa.csv,-77.02199999999998,38.87300000000001,./eraint/washingtondc_usa.csv
814,wellington_071a_new_zealand.csv,174.78,-41.283,./eraint/wellington_071a_new_zealand.csv
815,west_port_074a_new_zealand.csv,171.6,-41.733,./eraint/west_port_074a_new_zealand.csv
816,wewak_063a_papua_new_guinea.csv,143.63,-3.57,./eraint/wewak_063a_papua_new_guinea.csv
817,weymouth_p991_uk.csv,-2.4479,50.608,./eraint/weymouth_p991_uk.csv
818,whitby_p174_uk.csv,-0.61417,54.49,./eraint/whitby_p174_uk.csv
819,wick_p035_uk.csv,-3.0863,58.441,./eraint/wick_p035_uk.csv
820,"willapa_bay,_wa_564a_usa.csv",-123.97,46.708,"./eraint/willapa_bay,_wa_564a_usa.csv"
821,willemstad_778a_curacao.csv,-68.942,12.103,./eraint/willemstad_778a_curacao.csv
822,willetspoint_usa.csv,-73.782,40.793,./eraint/willetspoint_usa.csv
823,williamstown_028_australia.csv,144.9,-37.857,./eraint/williamstown_028_australia.csv
824,"wilmington,nc_750a_usa.csv",-77.953,34.227,"./eraint/wilmington,nc_750a_usa.csv"
825,wladyslawowo_wlad_poland.csv,18.419,54.797,./eraint/wladyslawowo_wlad_poland.csv
826,"woodislands,pei_01630_canada.csv",-62.7,45.683,"./eraint/woodislands,pei_01630_canada.csv"
827,"woods_hole,ma_742a_usa.csv",-70.672,41.523,"./eraint/woods_hole,ma_742a_usa.csv"
828,workington_p217_uk.csv,-3.5676,54.651,./eraint/workington_p217_uk.csv
829,wyndham_029_australia.csv,149.65,-36.929,./eraint/wyndham_029_australia.csv
830,wyndham_165a_australia.csv,128.1,-15.453,./eraint/wyndham_165a_australia.csv
831,xiamen_376a_china.csv,118.07,24.45,./eraint/xiamen_376a_china.csv
832,"yabucoa_harbor,_pr_734a_usa.csv",-65.832,18.055,"./eraint/yabucoa_harbor,_pr_734a_usa.csv"
833,yakutat_usa.csv,-139.74,59.548,./eraint/yakutat_usa.csv
834,yap_b_008b_fd._st._micronesia.csv,138.13,9.5167,./eraint/yap_b_008b_fd._st._micronesia.csv
835,"yarmouth,ns_00365_canada.csv",-66.117,43.833,"./eraint/yarmouth,ns_00365_canada.csv"
836,yokohama_japan.csv,139.63,35.467,./eraint/yokohama_japan.csv
837,yonaguni_japan.csv,122.95,24.45,./eraint/yonaguni_japan.csv
838,ystad_027_sweden.csv,13.817,55.417,./eraint/ystad_027_sweden.csv
839,zanzibar_151a_tanzania.csv,39.19,-6.155,./eraint/zanzibar_151a_tanzania.csv
840,zhapo_a_635a_china.csv,111.83,21.583,./eraint/zhapo_a_635a_china.csv
